NomeCliente;CEP;RuaComComplemento;Bairro;Cidade;Estado;ValorFatura;NumeroPaginas
"Cliente Ficticio 240";"69080680";"R UNIAO,  1111, FD";"COROADO";"MANAUS";"AM";"27866";"14"
"Cliente Ficticio 276";"57057030";"R BERNARDO LOPES,   339";"PINHEIRO";"MACEIO";"AL";"26072";"14"
"Cliente Ficticio 312";"04727030";"R ALBINO BOLDASSO GABRIL,   183";"VILA CRUZEIRO";"SAO PAULO";"SP";"21510";"14"
"Cliente Ficticio 348";"03374000";"AV SAPOPEMBA,  4309, CASA 01";"SAPOPEMBA";"SAO PAULO";"SP";"12424";"14"
"Cliente Ficticio 384";"80530050";"R BR DE ANTONINA,   522, APT 66";"SAO FRANCISCO";"CURITIBA";"PR";"11208";"14"
"Cliente Ficticio 420";"17025660";"R DE MANOEL VICTORINO RELLO DE ARAUJO QU, QD 3, - 69";"NC RES BEIJA-FLOR";"BAURU";"SP";"10829";"14"
"Cliente Ficticio 456";"13208300";"R ARMANDO COLAFERRI,   390";"JARDIM PAULISTA I";"JUNDIAI";"SP";"13246";"14"
"Cliente Ficticio 492";"65071040";"R DOIS,     5, QD 1";"VINHAIS";"SAO LUIS";"MA";"20330";"14"
"Cliente Ficticio 500";"03276110";"R PINTO DA LUZ,    89";"VILA IVONE";"SAO PAULO";"SP";"16004";"62"
"Cliente Ficticio 501";"21670350";"R JOAO DE SOUSA CARVALHO,   145, FT 2";"GUADALUPE";"RIO DE JANEIRO";"RJ";"14829";"64"
"Cliente Ficticio 502";"69086280";"R 27,19,QUADRA: 100";"SAO JOSE OPERARIO";"MANAUS";"AM";"17818";"64"
"Cliente Ficticio 503";"11065000";"AV DR BERNARDINO DE CAMPOS,   562, CJ 707";"POMPEIA";"SANTOS";"SP";"12133";"66"
"Cliente Ficticio 504";"02417022";"R DR ORLANDO ZAMITI MAMMANA,    92";"JARDIM PARAISO";"SAO PAULO";"SP";"12691";"66"
"Cliente Ficticio 505";"31742221";"R MARCIAL RIBEIRO MELO,   119";"JARDIM GUANABARA";"BELO HORIZONTE";"MG";"19835";"68"
"Cliente Ficticio 506";"41610460";"LD DO OLOSSA,    15, RES MARIO MASSAFERA, APT 107";"ITAPUA";"SALVADOR";"BA";"9222";"68"
"Cliente Ficticio 507";"05046000";"R AURELIA,336,BL 1 AP 22";"VILA ROMANA";"SAO PAULO";"SP";"7621";"70"
"Cliente Ficticio 508";"29018310";"R REPUBLICA,   136, ED NORMALISTA, APT 501";"PARQUE MOSCOSO";"VITORIA";"ES";"10892";"70"
"Cliente Ficticio 509";"16050470";"R DR LUIZ DE ALMEIDA,   733";"SANTANA";"ARACATUBA";"SP";"20165";"72"
"Cliente Ficticio 510";"22753211";"EST DE JACAREPAGUA,  3490, CASA 68, RUA ALDRIN";"JACAREPAGUA";"RIO DE JANEIRO";"RJ";"40201";"72"
"Cliente Ficticio 511";"13473380";"R DR ROBERTO NORRIS,   235";"VILA MARIANA";"AMERICANA";"SP";"21987";"74"
"Cliente Ficticio 512";"74343410";"R DO MARISCO,0,QD.83A LT.01 CS 2";"JARDIM ATLANTICO";"GOIANIA";"GO";"19322";"74"
"Cliente Ficticio 513";"69053000";"AV DJALMA BATISTA,   430, / FUNDOS";"NOSSA SENHORA DAS GRACAS";"MANAUS";"AM";"12469";"76"
"Cliente Ficticio 514";"81320090";"R PRF ELEVIR DIONYSIO,    54, CASA FUNDOS";"FAZENDINHA";"CURITIBA";"PR";"27253";"76"
"Cliente Ficticio 515";"04183020";"R GIUSEPPE BIBIENA,    92";"JARDIM SANTA EMILIA";"SAO PAULO";"SP";"17408";"78"
"Cliente Ficticio 516";"07191200";"R HELIO ARRELARO,   255, CASA 1";"JARDIM SANTA BARBARA";"GUARULHOS";"SP";"38661";"78"
"Cliente Ficticio 517";"03345000";"AV SAPOPEMBA,   708";"VILA REGENTE FEIJO";"SAO PAULO";"SP";"18600";"80"
"Cliente Ficticio 518";"12609250";"R PARAIBA,   281";"CIDADE INDUSTRIAL";"LORENA";"SP";"5219";"80"
"Cliente Ficticio 519";"22780678";"R ISIS,    82, CASA 2";"CURICICA";"RIO DE JANEIRO";"RJ";"14214";"82"
"Cliente Ficticio 520";"04455130";"R JOAO SCATAMACCHIA,   381, FD";"VILA CAMPO GRANDE";"SAO PAULO";"SP";"14710";"82"
"Cliente Ficticio 521";"04521004";"R CANARIO,   988, APT 171";"MOEMA";"SAO PAULO";"SP";"34765";"84"
"Cliente Ficticio 522";"22270014";"R VOLUNTARIOS DA PATRIA,270,APT 610";"BOTAFOGO";"RIO DE JANEIRO";"RJ";"29265";"84"
"Cliente Ficticio 523";"31535000";"R AUGUSTO DOS ANJOS,  1560";"RIO BRANCO";"BELO HORIZONTE";"MG";"15172";"86"
"Cliente Ficticio 524";"31015160";"R MATIAS BARBOSA,    56";"FLORESTA";"BELO HORIZONTE";"MG";"18691";"86"
"Cliente Ficticio 525";"04576080";"R JAMES JOULE,    92, CJ 102";"CIDADE MONCOES";"SAO PAULO";"SP";"51395";"88"
"Cliente Ficticio 528";"14160640";"R FREDERICO OZANAN,1671";"CENTRO";"SERTAOZINHO";"SP";"17340";"14"
"Cliente Ficticio 550";"03714000";"R BARTOLOMEU QUADROS,    19";"VILA MESQUITA";"SAO PAULO";"SP";"14120";"88"
"Cliente Ficticio 564";"14405390";"R MARIA ROSA ALVES LEITE,  2861, APT 11";"JARDIM INTEGRACAO";"FRANCA";"SP";"11653";"14"
"Cliente Ficticio 565";"09840560";"R MIN RIBEIRO DA COSTA,   438";"DOS CASA";"SAO BERNARDO DO CAMPO";"SP";"11885";"14"
"Cliente Ficticio 566";"16052060";"R IRINEU VARONI,    96";"IPANEMA";"ARACATUBA";"SP";"22675";"16"
"Cliente Ficticio 567";"75113300";"R ANGELO TELES,   390, BL A, APT 303";"VILA SANTA MARIA DE NAZARETH";"ANAPOLIS";"GO";"5028";"16"
"Cliente Ficticio 568";"03029090";"R ITAQUI,   521, CASA 1";"CANINDE";"SAO PAULO";"SP";"16850";"18"
"Cliente Ficticio 588";"31255270";"R ANIBAL CORDEIRO MELO,    10";"SAO FRANCISCO";"BELO HORIZONTE";"MG";"13743";"14"
"Cliente Ficticio 589";"05207090";"R FELIPE CARDOSO DE CAMPOS,   454, BL 2, APT 33";"VILA CAIUBA";"SAO PAULO";"SP";"28380";"14"
"Cliente Ficticio 590";"22240000";"R DAS LARANJEIRAS,83,APT 1104";"LARANJEIRAS";"RIO DE JANEIRO";"RJ";"29658";"16"
"Cliente Ficticio 591";"82620030";"R GUILHERME IHLENFELDT,  1081, LJ 23";"TINGUI";"CURITIBA";"PR";"9623";"16"
"Cliente Ficticio 592";"11065200";"AV PRES WILSON,    68, BL A, APT 701";"GONZAGA";"SANTOS";"SP";"33439";"18"
"Cliente Ficticio 600";"12570000";"R ITAMARACA,   438";"ITAGUACU";"APARECIDA";"SP";"10243";"14"
"Cliente Ficticio 636";"01542000";"R D DUARTE LEOPOLDO,  1212";"CAMBUCI";"SAO PAULO";"SP";"23658";"14"
"Cliente Ficticio 672";"07075011";"R DR ROBERTO LEMOS PADUA,221";"JARDIM PALMIRA";"GUARULHOS";"SP";"7317";"14"
"Cliente Ficticio 708";"83330100";"R DELFIM MOREIRA,549";"VILA AMELIA";"PINHAIS";"PR";"16654";"14"
"Cliente Ficticio 744";"31840010";"R SAMBAIBA,   154, CASA B";"GUARANI";"BELO HORIZONTE";"MG";"17226";"14"
"Cliente Ficticio 780";"12903280";"R DAS PALMEIRAS,    42";"VILA MOTA";"BRAGANCA PAULISTA";"SP";"14996";"14"
"Cliente Ficticio 816";"17064160";"R FRANCISCO LEMOS DE ALMEIDA, QD 11, - 49";"VILA BECHELI";"BAURU";"SP";"21588";"14"
"Cliente Ficticio 852";"12570000";"R PAULO CHAD,    58";"SANTA RITA.";"APARECIDA";"SP";"11551";"14"
"Cliente Ficticio 888";"71510300";"SHIN, QD QI04, CJ 10, CASA 23";"LAGO NORTE";"BRASILIA";"DF";"19639";"14"
"Cliente Ficticio 924";"04807030";"R GUARUVA,   441";"CIDADE DUTRA";"SAO PAULO";"SP";"9510";"14"
"Cliente Ficticio 960";"09060700";"R BRASILIO MACHADO,   350";"VILA PRINCIPE DE GALES";"SANTO ANDRE";"SP";"13625";"14"
"Cliente Ficticio 996";"81770460";"R IVAI,   169";"ALTO BOQUEIRAO";"CURITIBA";"PR";"12552";"14"
"Cliente Ficticio 1032";"22220070";"R ARTUR BERNARDES,31,COB 01";"CATETE";"RIO DE JANEIRO";"RJ";"28068";"14"
"Cliente Ficticio 1068";"22793912";"R GUIMARAES ROSA,203,903";"BARRA DA TIJUCA";"RIO DE JANEIRO";"RJ";"36164";"14"
"Cliente Ficticio 1104";"72236221";"QNP, QD 32, CJ U, LT 31A";"CEILANDIA";"BRASILIA";"DF";"12776";"14"
"Cliente Ficticio 1140";"14066458";"R ABILIO COELHO RODRIGUES,   130";"JD O L CAMARGO";"RIBEIRAO PRETO";"SP";"7640";"14"
"Cliente Ficticio 1176";"13562501";"R JOAO PAULO GOMES,139";"RESIDENCIAL MONSENHOR ROMEU TO";"SAO CARLOS";"SP";"21183";"14"
"Cliente Ficticio 1212";"31365700";"R FR ZACARIAS,   468";"BRAUNAS";"BELO HORIZONTE";"MG";"5362";"14"
"Cliente Ficticio 1248";"12570000";"R ISAAC JULIO BARRETO,   205, CS 1";"PONTE ALTA";"APARECIDA";"SP";"24103";"14"
"Cliente Ficticio 1284";"03821020";"R COLONIA LEOPOLDINA,   487, BL 3, APT 2";"VILA SILVIA";"SAO PAULO";"SP";"23701";"14"
"Cliente Ficticio 1320";"09725570";"R OLAVO BILAC,   419, BL C, APT 32";"JARDIM OLAVO BILAC";"SAO BERNARDO DO CAMPO";"SP";"19979";"14"
"Cliente Ficticio 1356";"06810340";"R PASSOS,    73";"VILA OLINDA";"EMBU DAS ARTES";"SP";"11990";"14"
"Cliente Ficticio 1392";"74250100";"R C 143,1,CASA";"JARDIM AMERICA";"GOIANIA";"GO";"6264";"14"
"Cliente Ficticio 1428";"72210186";"QNM, QD 18, CJ F, CASA 38, FD";"CEILANDIA";"BRASILIA";"DF";"23202";"14"
"Cliente Ficticio 1464";"17018820";"R ANNA PIETRO FORTE, QD 3, - 111";"RESIDENCIAL VILLAGGIO";"BAURU";"SP";"23034";"14"
"Cliente Ficticio 1500";"03446010";"R NUNES BALBOA,454,SOBRADO";"VILA CARRAO";"SAO PAULO";"SP";"6286";"14"
"Cliente Ficticio 1536";"07022000";"R DAS PALMEIRAS,   302, BL B, APT 1006";"GOPOUVA";"GUARULHOS";"SP";"12976";"14"
"Cliente Ficticio 1572";"86020061";"R BELO HORIZONTE,  1399, ED SUNSET BOULEVARD, APT 902";"CENTRO";"LONDRINA";"PR";"22701";"14"
"Cliente Ficticio 1608";"17063250";"R FRANCISCO ALVES QUADRA, QD 12, - 45";"PARQUE UNIAO";"BAURU";"SP";"36079";"14"
"Cliente Ficticio 1644";"26580270";"R DAVID JOSE FURTADO,   215, FU 3";"VILA EMIL";"MESQUITA";"RJ";"18122";"14"
"Cliente Ficticio 1680";"88015410";"R FR EVARISTO,    64, APT 803";"CENTRO";"FLORIANOPOLIS";"SC";"40324";"14"
"Cliente Ficticio 1716";"03209000";"R BALTAR,   428, CASA 2";"VILA CALIFORNIA";"SAO PAULO";"SP";"19570";"14"
"Cliente Ficticio 1752";"03088000";"R ARNALDO CINTRA,   190, BL B, APT 33";"VILA MOREIRA";"SAO PAULO";"SP";"8543";"14"
"Cliente Ficticio 1788";"69055580";"R 40 ( CJ C BRANCO),    19";"PARQUE 10 DE NOVEMBRO";"MANAUS";"AM";"7766";"14"
"Cliente Ficticio 1824";"04716020";"R BENTO BARBOSA,    42";"CH STO ANTONIO (Z SUL)";"SAO PAULO";"SP";"26954";"14"
"Cliente Ficticio 1860";"72420290";"QUADRA 29,0,LOT 5 APT 1 FD";"SETOR OESTE (GAMA)";"BRASILIA";"DF";"1799";"14"
"Cliente Ficticio 1896";"08737330";"R ALFEU GUILHEMATTI,   303, CASA 2 MARINALVA";"VILA SAO SEBASTIAO";"MOGI DAS CRUZES";"SP";"7665";"14"
"Cliente Ficticio 1932";"11075661";"R EVARISTO DA VEIGA,   240";"CAMPO GRANDE";"SANTOS";"SP";"12038";"14"
"Cliente Ficticio 1968";"20710300";"R CABUCU,    76, APT 407";"LINS DE VASCONCELOS";"RIO DE JANEIRO";"RJ";"14372";"14"
"Cliente Ficticio 2004";"80240110";"R BENTO VIANA,   575, BL B, APT 18";"AGUA VERDE";"CURITIBA";"PR";"13322";"14"
"Cliente Ficticio 2040";"11070320";"R JOSE CLEMENTE PEREIRA,50,AP 24";"CAMPO GRANDE";"SANTOS";"SP";"18003";"14"
"Cliente Ficticio 2076";"90440020";"AV AMERICA,    94, APT 42";"FLORESTA";"PORTO ALEGRE";"RS";"19835";"14"
"Cliente Ficticio 2112";"29102035";"AV SATURNINO RANGEL MAURO,   333, / A";"PRAIA DE ITAPARICA";"VILA VELHA";"ES";"15758";"14"
"Cliente Ficticio 2148";"11015225";"R DRAUZIO DA CRUZ,511";"MACUCO";"SANTOS";"SP";"17657";"14"
"Cliente Ficticio 2184";"51020220";"R MARIA CAROLINA,   525, ED ATLANTICO PRINCE, APT 1301";"BOA VIAGEM";"RECIFE";"PE";"25219";"14"
"Cliente Ficticio 2220";"11533230";"R MEXICO,   173";"JARDIM CASQUEIRO";"CUBATAO";"SP";"21931";"14"
"Cliente Ficticio 2256";"17209560";"R ALEXANDRE MATTAR,   108";"JARDIM SANTA ROSA";"JAU";"SP";"9019";"14"
"Cliente Ficticio 2292";"20560005";"R TEODORO DA SILVA,   546, APT 202";"VILA ISABEL";"RIO DE JANEIRO";"RJ";"29705";"14"
"Cliente Ficticio 2328";"42700000";"R DOS VEREADORES,310,ED P D FORTE AP404";"JOCKEY CLUB";"LAURO DE FREITAS";"BA";"35049";"14"
"Cliente Ficticio 2364";"22080060";"R JOAQUIM NABUCO,   212, APT 303";"IPANEMA";"RIO DE JANEIRO";"RJ";"43752";"14"
"Cliente Ficticio 2400";"07022010";"R MOGI DAS CRUZES,    14";"GOPOUVA";"GUARULHOS";"SP";"21022";"14"
"Cliente Ficticio 2436";"16074320";"R JOAO ANTONIO VASCONCELOS,   326,   SN";"AMIZADE";"ARACATUBA";"SP";"2353";"14"
"Cliente Ficticio 2472";"81010080";"R CAP JOAO ZALESKI,  1764, CASA 5";"LINDOIA";"CURITIBA";"PR";"15982";"14"
"Cliente Ficticio 2508";"74320020";"AV A, QD 04, LT 04";"VILA LUCY";"GOIANIA";"GO";"19710";"14"
"Cliente Ficticio 2544";"06713630";"EST DA CAPUAVA,  2451, CASA 17";"JARDIM SAO VICENTE";"COTIA";"SP";"4361";"14"
"Cliente Ficticio 2580";"14405631";"R DOS ANGICOS,4613";"PARQUE DOS PINHAIS";"FRANCA";"SP";"23453";"14"
"Cliente Ficticio 2616";"09290260";"AV SOROCABA,   858, CASA 1";"PARQUE JOAO RAMALHO";"SANTO ANDRE";"SP";"9504";"14"
"Cliente Ficticio 2652";"11020003";"AV AFFONSO PENNA,   589, CASA CASA";"ESTUARIO";"SANTOS";"SP";"6979";"14"
"Cliente Ficticio 2688";"07194360";"R LARANJEIRAS,257";"JARDIM SCYNTILA";"GUARULHOS";"SP";"17748";"14"
"Cliente Ficticio 2724";"03278070";"R CAP VENCESLAU JAPIASSU ARAGAO,98,CASA4";"VILA EMA";"SAO PAULO";"SP";"18479";"14"
"Cliente Ficticio 2760";"21321232";"R LUIZ BELTRAO,   509, APT 301";"VILA VALQUEIRE";"RIO DE JANEIRO";"RJ";"19777";"14"
"Cliente Ficticio 2796";"05522000";"R HEITOR DOS PRAZERES,   275";"FERREIRA";"SAO PAULO";"SP";"17271";"14"
"Cliente Ficticio 2832";"21220380";"AV PST MIRANDA PINTO,   437";"IRAJA";"RIO DE JANEIRO";"RJ";"21183";"18"
"Cliente Ficticio 2868";"26564130";"TV LEANDRO ROSA,    20";"JACUTINGA";"MESQUITA";"RJ";"10489";"18"
"Cliente Ficticio 2904";"03476010";"AV INCONFIDENCIA MINEIRA,  2010, BL 1, APT 103";"VILA ANTONIETA";"SAO PAULO";"SP";"17108";"18"
"Cliente Ficticio 2940";"03309000";"R SERRA DO JAPI,   313, APT 73";"VILA GOMES CARDIM";"SAO PAULO";"SP";"4989";"18"
"Cliente Ficticio 2976";"81210020";"R WENCESLAU SARNACKI,   244";"MOSSUNGUE";"CURITIBA";"PR";"24515";"18"
"Cliente Ficticio 3012";"05134080";"R ITAPICURU-MIRIM,46";"JARDIM MANGALOT";"SAO PAULO";"SP";"30455";"18"
"Cliente Ficticio 3048";"08160000";"R ARICANGA,1111,CASA 02";"JARDIM SILVA TELES";"SAO PAULO";"SP";"22844";"18"
"Cliente Ficticio 3084";"11085590";"R GILBERTO FRANCO SILVA,   350";"CANELEIRA";"SANTOS";"SP";"47760";"18"
"Cliente Ficticio 3120";"26553320";"R RIO GRANDE DO SUL,   160, CASA 2";"CENTRO";"MESQUITA";"RJ";"22300";"18"
"Cliente Ficticio 3156";"20511330";"R GARIBALDI,   225, BL 1, APT 702";"TIJUCA";"RIO DE JANEIRO";"RJ";"46804";"18"
"Cliente Ficticio 3192";"13480251";"PC PRF ANTONIO DE QUEIROZ,    37";"JARDIM MERCEDES";"LIMEIRA";"SP";"5289";"18"
"Cliente Ficticio 3228";"09080320";"R VITORIA REGIA,   979";"CAMPESTRE";"SANTO ANDRE";"SP";"34115";"18"
"Cliente Ficticio 3264";"74674250";"R J 59, QD 137, LT 06";"SETOR JAO";"GOIANIA";"GO";"30004";"18"
"Cliente Ficticio 3300";"12426140";"R HITLER RIBEIRO,    54";"RESIDENCIAL ARCO-IRIS";"PINDAMONHANGABA";"SP";"14937";"18"
"Cliente Ficticio 3336";"18060670";"R VINTE E TRES DE MAIO,   233";"VILA BARAO";"SOROCABA";"SP";"11397";"18"
"Cliente Ficticio 3408";"82820160";"R LUIZ BARRETO MURAT,    10";"BAIRRO ALTO";"CURITIBA";"PR";"20039";"18"
"Cliente Ficticio 3444";"80620200";"AV AGUA VERDE,1575,BL B PT 1702";"AGUA VERDE";"CURITIBA";"PR";"27045";"18"
"Cliente Ficticio 3480";"18077120";"R ZORAIDA DE BARROS NARDI,   750";"JARDIM GUAIBA";"SOROCABA";"SP";"761";"18"
"Cliente Ficticio 3516";"21051170";"R JAQUIRANA,8,BLOCO 17 APTO 402";"DEL CASTILHO";"RIO DE JANEIRO";"RJ";"29070";"18"
"Cliente Ficticio 3552";"90035170";"R GONCALO DE CARVALHO,    87, APT 202";"FLORESTA";"PORTO ALEGRE";"RS";"12466";"18"
"Cliente Ficticio 3588";"09851180";"R JOSE DIAS DONADELLI,   455, BL A, APT 41";"ALVES DIAS";"SAO BERNARDO DO CAMPO";"SP";"14463";"18"
"Cliente Ficticio 3624";"13100040";"AV PRCA D'OESTE,  1072, BL BARLAVENTO, APT 101";"JARDIM PARAISO";"CAMPINAS";"SP";"34199";"18"
"Cliente Ficticio 3660";"11035190";"R GUAIBE,    44";"APARECIDA";"SANTOS";"SP";"8829";"18"
"Cliente Ficticio 3732";"69035366";"R ALBERTO RANGEL,    16, FD";"COMPENSA";"MANAUS";"AM";"37984";"18"
"Cliente Ficticio 3804";"12071831";"R ME CECILIA DO CORACAO DE MARIA,    35";"CJ H H PASSARELLI";"TAUBATE";"SP";"930";"18"
"Cliente Ficticio 3840";"60160250";"R PEREIRA VALENTE,   980, ED MONTE CARLO, APT 1001";"MEIRELES";"FORTALEZA";"CE";"20701";"18"
"Cliente Ficticio 3876";"12234320";"R CANTAGALO,265";"JARDIM COLONIAL";"SAO JOSE DOS CAMPOS";"SP";"10468";"18"
"Cliente Ficticio 3912";"11088330";"R PRF NELSON ESPINDOLA LOBATO,    21, QD 4";"RADIO CLUBE";"SANTOS";"SP";"27536";"18"
"Cliente Ficticio 3948";"23078110";"EST STA MARIA,1816,QD 10 CASA 20";"CPO GRANDE";"RIO DE JANEIRO";"RJ";"18050";"18"
"Cliente Ficticio 3984";"18610265";"R LOURENCO CARMELO,   404";"JARDIM PARAISO";"BOTUCATU";"SP";"17003";"18"
"Cliente Ficticio 4054";"08275590";"R GUSTAVO GELEY,    15, BL 1, APT 65";"FAZENDA ARICANDUVA";"SAO PAULO";"SP";"21815";"14"
"Cliente Ficticio 4055";"04788120";"R PORTO TORRES,121";"INTERLAGOS";"SAO PAULO";"SP";"49221";"14"
"Cliente Ficticio 4057";"02992050";"R SEBASTIAO LARANJEIRAS,21,A";"PARQUE PANAMERICANO";"SAO PAULO";"SP";"49844";"14"
"Cliente Ficticio 4058";"05057100";"AV RICARDO MEDINA FILHO,   286";"VILA IPOJUCA";"SAO PAULO";"SP";"12703";"14"
"Cliente Ficticio 4059";"09810710";"R VINA DEL MAR,   418";"ASSUNCAO";"SAO BERNARDO DO CAMPO";"SP";"18790";"14"
"Cliente Ficticio 4060";"11050120";"R VAHIA DE ABREU,    32, BL RES. BRASIL, APT 32";"BOQUEIRAO";"SANTOS";"SP";"29035";"14"
"Cliente Ficticio 4061";"90540031";"R CARLOS VON KOSERITZ,   175, APT 504.";"SAO JOAO";"PORTO ALEGRE";"RS";"29171";"14"
"Cliente Ficticio 4062";"71916750";"NORTE, RUA 24, LT 03, BL B, APT 504";"NORTE (AGUAS CLARAS)";"BRASILIA";"DF";"30260";"14"
"Cliente Ficticio 4063";"04575050";"R ALCIDES RICARDINI NEVES,    12, APT 1115";"CIDADE MONCOES";"SAO PAULO";"SP";"15150";"14"
"Cliente Ficticio 4064";"79010190";"R JOSE ANTONIO PEREIRA,  3135, CASA 03";"MONTE CASTELO";"CAMPO GRANDE";"MS";"2690";"14"
"Cliente Ficticio 4065";"30660340";"R PRFA ASPASIA AYER,    23";"DIAMANTE";"BELO HORIZONTE";"MG";"22175";"14"
"Cliente Ficticio 4066";"31550270";"R EDUARDO CERQUEIRA,    31";"SANTA AMELIA";"BELO HORIZONTE";"MG";"13322";"14"
"Cliente Ficticio 4067";"04803140";"R LINCOLN,     7";"JARDIM CRUZEIRO";"SAO PAULO";"SP";"34319";"14"
"Cliente Ficticio 4068";"69037076";"R MADISON (RES PONTA NEGRA II),    33, QD 21";"PONTA NEGRA";"MANAUS";"AM";"48971";"14"
"Cliente Ficticio 4069";"02759030";"R GEN ULHOA CINTRA,   119";"VILA BANCARIA MUNHOZ";"SAO PAULO";"SP";"21398";"14"
"Cliente Ficticio 4070";"08210520";"R PAULO LOPES LEAO,    77";"ITAQUERA";"SAO PAULO";"SP";"9414";"14"
"Cliente Ficticio 4071";"21040282";"R DA PROCLAMACAO,966";"BONSUCESSO";"RIO DE JANEIRO";"RJ";"41086";"14"
"Cliente Ficticio 4072";"11320400";"AL ARI BARROSO,    61, APT 815";"ILHA PORCHAT";"SAO VICENTE";"SP";"32406";"14"
"Cliente Ficticio 4073";"04148000";"R FRANCISCO DIAS,   119";"BOSQUE DA SAUDE";"SAO PAULO";"SP";"25590";"14"
"Cliente Ficticio 4084";"04841180";"R NELO BERTOLACINE,    34, CASA 2";"PARQUE PLANALTO";"SAO PAULO";"SP";"14251";"14"
"Cliente Ficticio 4085";"17050010";"R ALBUQUERQUE LINS, QD 4, - 44";"VILA FALCAO";"BAURU";"SP";"21622";"14"
"Cliente Ficticio 4087";"13604462";"R PAULO NILSON A. DE SOUZA,    44";"JARDIM ALTO DA COLINA";"ARARAS";"SP";"16684";"16"
"Cliente Ficticio 4109";"14802480";"R JOSE MARQUES PINHEIRO FILHO,   996";"VILA HARMONIA";"ARARAQUARA";"SP";"1941";"14"
"Cliente Ficticio 4110";"15091440";"R JOSE PINHO MONTEIRO,  1027";"JARDIM TARRAF";"SAO JOSE DO RIO PRETO";"SP";"25157";"14"
"Cliente Ficticio 4111";"38055590";"R AMERICO PALLIS,   115";"OLINDA";"UBERABA";"MG";"27597";"16"
"Cliente Ficticio 4112";"04136030";"R GUARAREMA,   254, APT 05";"BOSQUE DA SAUDE";"SAO PAULO";"SP";"28787";"16"
"Cliente Ficticio 4113";"23082310";"R ALCATIFA,   201, LT 3, CASA 1";"CAMPO GRANDE";"RIO DE JANEIRO";"RJ";"8926";"18"
"Cliente Ficticio 4115";"13212375";"AV JOAO GONCALVES DOS REIS,   885";"VILA NOVA MEDEIROS";"JUNDIAI";"SP";"15302";"20"
"Cliente Ficticio 4116";"64016740";"R PRF ALCEU BRANDAO,  2327";"MONTE CASTELO";"TERESINA";"PI";"10461";"20"
"Cliente Ficticio 4117";"30320290";"R ADAUTO LUCIO CARDOSO,   591";"BELVEDERE";"BELO HORIZONTE";"MG";"35724";"22"
"Cliente Ficticio 4118";"01508000";"R S JOAQUIM,   552, APT 13";"LIBERDADE";"SAO PAULO";"SP";"18135";"22"
"Cliente Ficticio 4213";"07273000";"AV JOSE MIGUEL ACKEL,  9999, CASA 38";"JARDIM GUILHERMINO";"GUARULHOS";"SP";"3590";"14"
"Cliente Ficticio 4214";"13486558";"R DA MARIA ANGELICA VERGUEIRO,    56";"PARQUE HIPOLYTO";"LIMEIRA";"SP";"7673";"14"
"Cliente Ficticio 4215";"13175230";"R JOSE CARLOS PRAGIDI,   232";"JARDIM LUIZ CIA";"SUMARE";"SP";"13927";"16"
"Cliente Ficticio 4216";"09780445";"R SANTE MARTIN,   164";"NOVA PETROPOLIS";"SAO BERNARDO DO CAMPO";"SP";"33483";"16"
"Cliente Ficticio 4217";"90850460";"AV FRANCISCO MASSENA VIEIRA,   152";"SANTA TEREZA";"PORTO ALEGRE";"RS";"2776";"18"
"Cliente Ficticio 4218";"89216400";"R COLON,   634";"GLORIA";"JOINVILLE";"SC";"47716";"18"
"Cliente Ficticio 4219";"11320030";"R VSC DO RIO BRANCO,   164, APT 44";"CENTRO";"SAO VICENTE";"SP";"30174";"20"
"Cliente Ficticio 4220";"07145080";"R SAPOLANDIA,    73";"PARQUE PRIMAVERA";"GUARULHOS";"SP";"18334";"20"
"Cliente Ficticio 4221";"20910080";"R EMANCIPACAO,    41";"SAO CRISTOVAO";"RIO DE JANEIRO";"RJ";"19188";"22"
"Cliente Ficticio 4223";"17015172";"R MANOEL BENTO DA CRUZ QUADRA,11,-29";"CENTRO";"BAURU";"SP";"15999";"24"
"Cliente Ficticio 4224";"05325180";"AV DR FRANCISCO DE PAULA VICENTE DE AZEVEDO,136,CASA";"PARQUE CONTINENTAL";"SAO PAULO";"SP";"22454";"24"
"Cliente Ficticio 4225";"89036080";"R MARIANA BRONNEMANN,   391, BL UN, APT 304";"VELHA";"BLUMENAU";"SC";"8599";"26"
"Cliente Ficticio 4226";"29176774";"R FIGUEIRAS,    95, CASA 2";"VISTA DA SERRA II";"SERRA";"ES";"22469";"26"
"Cliente Ficticio 4227";"82640610";"R PEDRO SPISLA FILHO,    91";"SANTA CANDIDA";"CURITIBA";"PR";"14029";"28"
"Cliente Ficticio 4228";"11045100";"R DR OSWALDO CRUZ,   382, BL B, APT 22";"BOQUEIRAO";"SANTOS";"SP";"14865";"28"
"Cliente Ficticio 4229";"22620172";"AV LUCIO COSTA,  2916, APT 1025";"BARRA DA TIJUCA";"RIO DE JANEIRO";"RJ";"11704";"30"
"Cliente Ficticio 4230";"12070350";"R STA LUIZA DE MARILLAC,   983, APT 24,   B";"VL S JOSE";"TAUBATE";"SP";"26557";"30"
"Cliente Ficticio 4231";"13059012";"R ALENCAR WALDOMIRO SILVA,     9";"JARDIM FLORENCE";"CAMPINAS";"SP";"15990";"32"
"Cliente Ficticio 4291";"90690200";"R FELIZARDO,   913, APT 303";"JARDIM BOTANICO";"PORTO ALEGRE";"RS";"22238";"14"
"Cliente Ficticio 4292";"21545420";"R CATANDUVA,    19, APT 201";"COELHO NETO";"RIO DE JANEIRO";"RJ";"25847";"14"
"Cliente Ficticio 4293";"57036430";"R AURELIANO TEIXEIRA DE VASCONCELOS,66,APT 502";"JATIUCA";"MACEIO";"AL";"3744";"16"
"Cliente Ficticio 4295";"11065650";"R BR DE PENEDO,20,APARTAMENTO 92";"JOSE MENINO";"SANTOS";"SP";"7228";"18"
"Cliente Ficticio 4296";"12327020";"R LEITAO,    83";"CENTRO";"JACAREI";"SP";"19488";"18"
"Cliente Ficticio 4297";"31030285";"R MARCIONILIA MONTIJO,   137";"HORTO";"BELO HORIZONTE";"MG";"32107";"20"
"Cliente Ficticio 4298";"05133004";"R JOAQUIM OLIVEIRA FREITAS,  1951";"VILA MANGALOT";"SAO PAULO";"SP";"11070";"20"
"Cliente Ficticio 4299";"71918540";"NORTE, RUA 33, LT 03, APT 603";"NORTE (AGUAS CLARAS)";"BRASILIA";"DF";"31518";"22"
"Cliente Ficticio 4300";"01526020";"R ESPIRITO SANTO,372,APTO 6";"ACLIMACAO";"SAO PAULO";"SP";"1933";"22"
"Cliente Ficticio 4301";"05202130";"R OLIMPIO FRANCISCO PEDREIRO,    85, CASA 03";"PERUS";"SAO PAULO";"SP";"14221";"24"
"Cliente Ficticio 4302";"04007004";"R TUTOIA,   815, APT 121";"VILA MARIANA";"SAO PAULO";"SP";"25065";"24"
"Cliente Ficticio 4303";"93520540";"R S LUIZ GONZAGA,   173";"GUARANI";"NOVO HAMBURGO";"RS";"1610";"26"
"Cliente Ficticio 4304";"60442611";"R RUA HUMBERTO MONTE,1771";"BELA VISTA";"FORTALEZA";"CE";"12793";"26"
"Cliente Ficticio 4305";"07084000";"R NANCY SILVA CABRAL,   122";"PARQUE CONTINENTAL II";"GUARULHOS";"SP";"26292";"28"
"Cliente Ficticio 4306";"01221000";"R AMARAL GURGEL,   166, APT 112";"VILA BUARQUE";"SAO PAULO";"SP";"22184";"28"
"Cliente Ficticio 4307";"22031900";"R SIQUEIRA CAMPOS,143,BL B AP 1205";"COPACABANA";"RIO DE JANEIRO";"RJ";"35797";"30"
"Cliente Ficticio 4309";"05415020";"R DR VIRGILIO DE CARVALHO PINTO,608";"PINHEIROS";"SAO PAULO";"SP";"23368";"32"
"Cliente Ficticio 4310";"89022080";"R CAMPOS NOVOS,300,APT 321 BLOCO C";"GARCIA";"BLUMENAU";"SC";"20492";"32"
"Cliente Ficticio 4311";"30350120";"R NUNES VIEIRA,   256, APT 202";"SANTO ANTONIO";"BELO HORIZONTE";"MG";"34092";"34"
"Cliente Ficticio 4312";"05688902";"R AMERICO ALVES PEREIRA FILHO,531,AP 202 B";"VILA MORUMBI";"SAO PAULO";"SP";"31670";"34"
"Cliente Ficticio 4313";"13565030";"R RIO AMAZONAS,   320";"JARDIM JOCKEI CLUB A";"SAO CARLOS";"SP";"14260";"36"
"Cliente Ficticio 4314";"72007695";"VICENTE PIRES, RUA 12, CH 306, LT 01";"TAGUATINGA";"BRASILIA";"DF";"46116";"36"
"Cliente Ficticio 4315";"13575702";"R ANGELO PROVINCIALI,   309";"JARDIM BICAO";"SAO CARLOS";"SP";"7500";"38"
"Cliente Ficticio 4316";"73010123";"Q, QD 12, CJ C, CASA 25, FD";"SOBRADINHO";"BRASILIA";"DF";"22106";"38"
"Cliente Ficticio 4317";"13311520";"R DR ANTONIO SYLVIO CUNHA BUENO,    11, FT";"PARQUE RESIDENCIAL MAYARD";"ITU";"SP";"18583";"40"
"Cliente Ficticio 4318";"26572290";"R INAR FIGUEIREDO,   123, CASA 5";"ROCHA SOBRINHO";"MESQUITA";"RJ";"100";"40"
"Cliente Ficticio 4319";"30260510";"R LUIZA CHEQUER SANTOS,    23, APT 302";"PARAISO";"BELO HORIZONTE";"MG";"24519";"42"
"Cliente Ficticio 4320";"03737140";"R MARIA ANGELICA FRANCI,   639";"VILA FRANCI";"SAO PAULO";"SP";"72398";"42"
"Cliente Ficticio 4321";"29026240";"R FRANCISCO RUFINO,    41, CASA 02";"SANTO ANTONIO";"VITORIA";"ES";"10238";"44"
"Cliente Ficticio 4322";"21511280";"R GEN JERONIMO FURTADO,369,BL:B  APT:207";"HONORIO GURGEL";"RIO DE JANEIRO";"RJ";"16499";"44"
"Cliente Ficticio 4323";"11703620";"R DR NAPOLEAO LAUREANO,   759";"TUPI";"PRAIA GRANDE";"SP";"27710";"46"
"Cliente Ficticio 4324";"06230100";"R AMADOR BUENO,  1282";"PIRATININGA";"OSASCO";"SP";"18263";"46"
"Cliente Ficticio 4325";"71925000";"SUL, QD 205, LT 05, APT 706";"AGUAS CLARAS";"BRASILIA";"DF";"19426";"48"
"Cliente Ficticio 4326";"12604360";"R ANTONIO ESCADA,   470";"VILA SANTA EDWIGES";"LORENA";"SP";"11568";"48"
"Cliente Ficticio 4327";"14166120";"R ABILIO ALVES TEIXEIRA,478,CASA";"ALVORADA";"SERTAOZINHO";"SP";"6046";"50"
"Cliente Ficticio 4328";"23078450";"EST DO PEDREGOSO,784,RUA A LT 6 QD 1";"CAMPO GRANDE";"RIO DE JANEIRO";"RJ";"5159";"50"
"Cliente Ficticio 4329";"08795310";"VLA UBATUBA,   145";"VILA NATAL";"MOGI DAS CRUZES";"SP";"1940";"52"
"Cliente Ficticio 4331";"11725010";"AV DR ANTONIO SEVERIANO,   630";"SITIO DO CAMPO";"PRAIA GRANDE";"SP";"23526";"54"
"Cliente Ficticio 4332";"69033440";"RUA NS DE FATIMA,82";"SAO JORGE";"MANAUS";"AM";"16778";"54"
"Cliente Ficticio 4333";"12284130";"R JOAO ALVES,   150";"JARDIM MARIA CANDIDA";"CACAPAVA";"SP";"13579";"56"
"Cliente Ficticio 4334";"13050580";"R AMPARO,   452";"JARDIM NOVO CAMPOS ELISEOS";"CAMPINAS";"SP";"34605";"56"
"Cliente Ficticio 4335";"82700050";"R MARIA DE LOURDES KUDRI,127,BL 4 A AP 33";"BARREIRINHA";"CURITIBA";"PR";"23696";"58"
"Cliente Ficticio 4336";"13601342";"R PERNAMBUCO,   340";"PARQUE INDUSTRIAL";"ARARAS";"SP";"14146";"58"
"Cliente Ficticio 4337";"71680350";"COND SOLAR DA SERRA,2,QUADRA  14 LOTE 35";"SETOR HABITACIONAL JARDIM BOTA";"BRASILIA";"DF";"25721";"60"
"Cliente Ficticio 4338";"84071010";"R JAGUAPITA,  1016";"BOA VISTA";"PONTA GROSSA";"PR";"12309";"60"
"Cliente Ficticio 4339";"02261060";"R AREIA DO ROSARIO,160,CASA A";"JARDIM MODELO";"SAO PAULO";"SP";"29356";"62"
"Cliente Ficticio 4340";"72006005";"VICENTE PIRES, RUA 05, CH 117, LT 50A";"TAGUATINGA";"BRASILIA";"DF";"30246";"62"
"Cliente Ficticio 4341";"03633100";"R JOSE MARTINHO DE MOURA BAPTISTA,    13, FD";"PENHA DE FRANCA";"SAO PAULO";"SP";"24426";"64"
"Cliente Ficticio 4342";"06407100";"R BR DO RIO BRANCO,    75";"VILA UNIVERSAL";"BARUERI";"SP";"4919";"64"
"Cliente Ficticio 4343";"69028120";"R FORMOSA (PRQ NAÇÕES),   220";"FLORES";"MANAUS";"AM";"29001";"66"
"Cliente Ficticio 4345";"69053010";"R RIO JURUA (CJ VIEIRALVES),     7,   MARVIC, APT 101";"N SRA DAS GRACAS";"MANAUS";"AM";"29399";"68"
"Cliente Ficticio 4346";"13170030";"R ANTONIO PEREIRA DE CAMARGO,479";"CENTRO";"SUMARE";"SP";"26478";"68"
"Cliente Ficticio 4347";"03181020";"R DOIS CORREGOS,   183";"VILA BERTIOGA";"SAO PAULO";"SP";"8567";"70"
"Cliente Ficticio 4348";"02751050";"R URUMILA,   142";"VILA CARBONE";"SAO PAULO";"SP";"17636";"70"
"Cliente Ficticio 4349";"21741240";"R GUILHERME FERNANDES,   209, BL 7, APT 108";"JARDIM SULACAP";"RIO DE JANEIRO";"RJ";"30121";"72"
"Cliente Ficticio 4350";"70658298";"SHCES, QD 1209, BL H, APT 201";"CRUZEIRO NOVO";"BRASILIA";"DF";"25739";"72"
"Cliente Ficticio 4351";"26551190";"R CAP TELES,26,TV MANUEL GONCA,";"CENTRO";"MESQUITA";"RJ";"19645";"74"
"Cliente Ficticio 4352";"20710230";"R ALAN KARDEC,    74, APT 607";"ENGENHO NOVO";"RIO DE JANEIRO";"RJ";"20776";"74"
"Cliente Ficticio 4353";"13040295";"R ARNALDO IRINEU CHECCHIA,417";"PARQUE DA FIGUEIRA";"CAMPINAS";"SP";"24830";"76"
"Cliente Ficticio 4354";"01308000";"R BARATA RIBEIRO,284,APT 205";"BELA VISTA";"SAO PAULO";"SP";"24960";"76"
"Cliente Ficticio 4355";"09940100";"R EGITO,   195, CASA 1";"TABOAO";"DIADEMA";"SP";"9776";"78"
"Cliente Ficticio 4356";"81910520";"R CIDADE DE SAUDADES,   376, CASA 3";"SITIO CERCADO";"CURITIBA";"PR";"20990";"78"
"Cliente Ficticio 4357";"13207720";"R CASEMIRO JOSE ALVES,    45";"BELA VISTA";"JUNDIAI";"SP";"176";"80"
"Cliente Ficticio 4358";"06820320";"R SILVERSTONE,    25";"JARDIM JULIA";"EMBU DAS ARTES";"SP";"7927";"80"
"Cliente Ficticio 4359";"03153000";"AV DR FRANCISCO MESQUITA,   550, BL 2, APT 114";"JARDIM IBITIRAMA";"SAO PAULO";"SP";"14022";"82"
"Cliente Ficticio 4360";"06826440";"R PARANAPANEMA,   294, CASA 2";"PARANAPANEMA";"EMBU DAS ARTES";"SP";"14270";"82"
"Cliente Ficticio 4361";"21870370";"R MATRIZ DE CAMARAGIPE,   441, APT 102";"BANGU";"RIO DE JANEIRO";"RJ";"7368";"84"
"Cliente Ficticio 4362";"03317001";"R SERRA DE BOTUCATU,1891,D  CASA 4";"VILA GOMES CARDIM";"SAO PAULO";"SP";"2412";"84"
"Cliente Ficticio 4363";"03891060";"R CONCEICAO DA PEDRA,    60, FD";"VILA SANTA LUCIA";"SAO PAULO";"SP";"11212";"86"
"Cliente Ficticio 4364";"03908050";"R CEL PANFILO,    73, CASA 2";"JARDIM NOVO CARRAO";"SAO PAULO";"SP";"3988";"86"
"Cliente Ficticio 4365";"09850270";"R ALVARES MACIEL,   102";"ASSUNCAO";"SAO BERNARDO DO CAMPO";"SP";"24356";"88"
"Cliente Ficticio 4367";"07132580";"R PACULE,    48";"JARDIM JOVAIA";"GUARULHOS";"SP";"18913";"90"
"Cliente Ficticio 4368";"13469470";"R CAPIBERIBE,   269, BL - ANA SONIA, APT 413";"VILA DAINESE";"AMERICANA";"SP";"17300";"90"
"Cliente Ficticio 4369";"12220000";"AV PRES JUSCELINO KUBITSCHEK,6701,BLOCO  47 APT 13";"VILA INDUSTRIAL";"SAO JOSE DOS CAMPOS";"SP";"19179";"92"
"Cliente Ficticio 4370";"09668110";"R CIDADE DE JANDIRA,    30, CASA 6";"TABOAO";"SAO BERNARDO DO CAMPO";"SP";"18099";"92"
"Cliente Ficticio 4386";"17031728";"R JOSE VALERIO FILHO, QD 2, - 30";"N.HABIT. JOSE REGINO";"BAURU";"SP";"57847";"14"
"Cliente Ficticio 4387";"08775320";"R JOAQUIM GONCALVES,   133";"JARDIM RODEIO";"MOGI DAS CRUZES";"SP";"19028";"14"
"Cliente Ficticio 4388";"01528060";"LRG N SRA DA CONCEICAO,    65, CASA 1";"CAMBUCI";"SAO PAULO";"SP";"22610";"16"
"Cliente Ficticio 4389";"04253000";"R ALENCAR ARARIPE,   823";"SACOMA";"SAO PAULO";"SP";"17939";"16"
"Cliente Ficticio 4390";"09172180";"R ADRIATICO,   151, BL 10, APT 92";"JARDIM DO ESTADIO";"SANTO ANDRE";"SP";"25778";"18"
"Cliente Ficticio 4391";"18075042";"AV ITAVUVU,410";"VILA OLIMPIA";"SOROCABA";"SP";"11347";"18"
"Cliente Ficticio 4392";"11065615";"TV ALFREDO XIMENES,     9, APT 14";"JOSE MENINO";"SANTOS";"SP";"23945";"20"
"Cliente Ficticio 4393";"57052580";"AV ARYOSVALDO PEREIRA CINTRA,504,COND ARTE VIDA,ED RECHELIEU";"GRUTA DE LOURDES";"MACEIO";"AL";"30919";"20"
"Cliente Ficticio 4394";"31130160";"R PEDRO MOURA,59,CASA";"CACHOEIRINHA";"BELO HORIZONTE";"MG";"26733";"22"
"Cliente Ficticio 4395";"12246870";"AV CASSIANO RICARDO,   133, APT 21";"PRQ RES AQUARIUS";"SAO JOSE DOS CAMPOS";"SP";"27247";"22"
"Cliente Ficticio 4396";"06415100";"R MARIA HELENA,    48";"VILA ENGENHO NOVO";"BARUERI";"SP";"6792";"24"
"Cliente Ficticio 4397";"30855340";"R LEOPOLDO BIAN,   263, APT 701";"CONJUNTO CALIFORNIA";"BELO HORIZONTE";"MG";"13691";"24"
"Cliente Ficticio 4398";"52051340";"R BENTO LOYOLA,    70, TOR BROMÉLIA, APT 2201";"CASA AMARELA";"RECIFE";"PE";"25159";"26"
"Cliente Ficticio 4399";"03966050";"R LORENZO MASSA,   208, CASA 01";"CIDADE SAO MATEUS";"SAO PAULO";"SP";"23870";"26"
"Cliente Ficticio 4400";"08740540";"R PREF JOSE DE MELO FRANCO,677,CS 2";"JARDIM UNIVERSO";"MOGI DAS CRUZES";"SP";"10726";"28"
"Cliente Ficticio 4401";"51020110";"R LUIS DE FARIAS BARBOSA,   364, ED BOA VIAGEM, APT 1601";"BOA VIAGEM";"RECIFE";"PE";"21444";"28"
"Cliente Ficticio 4403";"71907540";"NORTE, RUA 04, LT 06, APT 607";"NORTE (AGUAS CLARAS)";"BRASILIA";"DF";"15271";"30"
"Cliente Ficticio 4405";"04153060";"R ANTONIO CANTARELLA,160,CASA 2";"VILA SANTO ESTEFANO";"SAO PAULO";"SP";"20906";"32"
"Cliente Ficticio 4406";"17032510";"R ALTAIR LEITE DE CAMPOS., QD 6, - 32";"JARDIM DONA LILI";"BAURU";"SP";"16262";"34"
"Cliente Ficticio 4407";"05033002";"R GUAICURUS,  1325";"AGUA BRANCA";"SAO PAULO";"SP";"3572";"34"
"Cliente Ficticio 4435";"88020200";"R SILVA JARDIM,  1028, CASA TERREO";"CENTRO";"FLORIANOPOLIS";"SC";"7391";"14"
"Cliente Ficticio 4436";"12912090";"R PEDRO ROSSI,   139, CASA 01";"VILA MUNICIPAL";"BRAGANCA PAULISTA";"SP";"10422";"14"
"Cliente Ficticio 4437";"06263092";"R JOSE SOARES DE OLIVEIRA,   285, CASA 9";"BARONESA";"OSASCO";"SP";"18160";"16"
"Cliente Ficticio 4439";"20755180";"R MACEDO BRAGA,   210, CASA 2";"ABOLICAO";"RIO DE JANEIRO";"RJ";"24367";"18"
"Cliente Ficticio 4440";"03189011";"TV EDUARDO OCON RIVAS,     5, CASA 2";"VILA ORATORIO";"SAO PAULO";"SP";"30114";"18"
"Cliente Ficticio 4441";"71730000";"RUA 11, CASA 10";"METROPOLITANA";"BRASILIA";"DF";"31365";"20"
"Cliente Ficticio 4442";"89217038";"R ALFREDO RITZMANN,    52";"GLORIA";"JOINVILLE";"SC";"17428";"20"
"Cliente Ficticio 4443";"12912470";"R JORGE EDUARDO MARTINS,   127";"JARDIM COMENDADOR CARDOSO";"BRAGANCA PAULISTA";"SP";"1941";"22"
"Cliente Ficticio 4444";"12030400";"R SUICA,    81";"JD NACOES";"TAUBATE";"SP";"3453";"22"
"Cliente Ficticio 4446";"02215000";"R REV ISRAEL VIEIRA FERREIRA,   561";"VILA MEDEIROS";"SAO PAULO";"SP";"14082";"20"
"Cliente Ficticio 4497";"05566030";"R LUIS SAIA,   222";"JARDIM ARPOADOR";"SAO PAULO";"SP";"27544";"14"
"Cliente Ficticio 4498";"04207030";"R DOS PATRIOTAS,   618, APT 32";"IPIRANGA";"SAO PAULO";"SP";"15317";"14"
"Cliente Ficticio 4500";"06341190";"R DOZE DE OUTUBRO,    32";"PARQUE SANTA TERESA";"CARAPICUIBA";"SP";"15298";"16"
"Cliente Ficticio 4501";"03127175";"R CEL JOVINIANO BRANDAO,173,BL B AP 16";"VILA PRUDENTE";"SAO PAULO";"SP";"17369";"18"
"Cliente Ficticio 4502";"14406016";"R RIO TOCANTINS,1357,AP 01";"RESIDENCIAL AMAZONAS";"FRANCA";"SP";"18333";"18"
"Cliente Ficticio 4503";"03112010";"R OLIMPIO PORTUGAL,    41, APT 07";"MOOCA";"SAO PAULO";"SP";"30567";"20"
"Cliente Ficticio 4504";"11065415";"AV PINHEIRO MACHADO,   957, BL SEM NOME, APT 26";"POMPEIA";"SANTOS";"SP";"30920";"20"
"Cliente Ficticio 4505";"09941290";"R STA HELENA,   230, CASA 3";"CANHEMA";"DIADEMA";"SP";"15478";"22"
"Cliente Ficticio 4506";"09931070";"R ACACIO,    85";"CAMPANARIO";"DIADEMA";"SP";"19325";"22"
"Cliente Ficticio 4507";"27275090";"R DR GOMES FILHO,   113";"RETIRO";"VOLTA REDONDA";"RJ";"13535";"24"
"Cliente Ficticio 4508";"12570000";"R ITAMARACA,563";"ITAGUACU";"APARECIDA";"SP";"25874";"24"
"Cliente Ficticio 4509";"30626640";"R VOLTA REDONDA,   342";"NOVO SANTA CECILIA (BARREIRO)";"BELO HORIZONTE";"MG";"23913";"26"
"Cliente Ficticio 4511";"02135001";"AV CONCEICAO,  3477, / A";"JARDIM JAPAO";"SAO PAULO";"SP";"22884";"28"
"Cliente Ficticio 4534";"31160470";"AV JOSE CLETO,   200, LJ 05";"PALMARES";"BELO HORIZONTE";"MG";"35473";"14"
"Cliente Ficticio 4535";"02071070";"R MARILI,   113";"VILA GUILHERME";"SAO PAULO";"SP";"16766";"14"
"Cliente Ficticio 4536";"15020030";"R FRITZ JACOBS,  3430";"SANTOS DUMONT";"SAO JOSE DO RIO PRETO";"SP";"30658";"16"
"Cliente Ficticio 4537";"13073090";"R VOTORANTIM,   100, BL A, APT 35";"VILA NOVA";"CAMPINAS";"SP";"26146";"16"
"Cliente Ficticio 4538";"03731060";"R LONDRINA,   392";"VILA LONDRINA";"SAO PAULO";"SP";"21670";"18"
"Cliente Ficticio 4539";"82800380";"R VICTORIO VIZINONI,   151";"CAPAO DA IMBUIA";"CURITIBA";"PR";"42076";"18"
"Cliente Ficticio 4540";"30180160";"R FELIPE DOS SANTOS,   178, APT 201";"LOURDES";"BELO HORIZONTE";"MG";"49784";"20"
"Cliente Ficticio 4541";"09130220";"AV SARA ZIRLIS,   134, BL 3, APT 31, SALA - C";"VILA LUTECIA";"SANTO ANDRE";"SP";"10419";"20"
"Cliente Ficticio 4542";"05567040";"R POEMA DOS OLHOS,   516, CASA 01";"JD S JORGE (R TAVARES)";"SAO PAULO";"SP";"22771";"22"
"Cliente Ficticio 4543";"31742227";"R PRF RUBENS GUELLI,   455";"JARDIM GUANABARA";"BELO HORIZONTE";"MG";"23757";"22"
"Cliente Ficticio 4544";"05841140";"R ENRICO ROSSI,130,CASA 6";"VILA DAS BELEZAS";"SAO PAULO";"SP";"10478";"24"
"Cliente Ficticio 4545";"31560030";"R DOS ESTADOS,   601, APT 103";"JARDIM ATLANTICO";"BELO HORIZONTE";"MG";"42201";"24"
"Cliente Ficticio 4547";"70292100";"SQS, QD 213, BL J, APT 308";"ASA SUL";"BRASILIA";"DF";"18439";"26"
"Cliente Ficticio 4548";"05630070";"R ELIZABETH BARBEGIAN BALDINATO,   130, APT 131";"VILA SUZANA";"SAO PAULO";"SP";"27128";"28"
"Cliente Ficticio 4549";"79094080";"R MQ DO RECIFE,   719";"JARDIM TIJUCA";"CAMPO GRANDE";"MS";"18901";"28"
"Cliente Ficticio 4550";"20750330";"R PAULO PIRES,   133, LT 3, BL 12, APT 202";"TOMAS COELHO";"RIO DE JANEIRO";"RJ";"14609";"30"
"Cliente Ficticio 4551";"97503250";"R EUSTAQUIO ORMAZABAL,  2966, APT 103";"NOVA ESPERANCA";"URUGUAIANA";"RS";"13313";"30"
"Cliente Ficticio 4552";"22753500";"R ARATICUM,560,CASA 4";"ANIL";"RIO DE JANEIRO";"RJ";"18448";"32"
"Cliente Ficticio 4553";"30320020";"R ASSUNCAO,   535, APT 1201";"SION";"BELO HORIZONTE";"MG";"52378";"32"
"Cliente Ficticio 4554";"09950520";"R DOS MIOSOTIS,   101";"PIRAPORINHA";"DIADEMA";"SP";"15783";"34"
"Cliente Ficticio 4555";"31652040";"R SETENTA E QUATRO,    76";"JD COMERCIARIOS (V NOVA)";"BELO HORIZONTE";"MG";"35200";"34"
"Cliente Ficticio 4556";"22081020";"R CNSO LAFAIETE,    32, APT 802";"COPACABANA";"RIO DE JANEIRO";"RJ";"24890";"36"
"Cliente Ficticio 4557";"08830070";"R MARIA LUNARDI GAGGIOLI,    70, FD";"JARDIM SAO PEDRO";"MOGI DAS CRUZES";"SP";"15131";"36"
"Cliente Ficticio 4558";"02765120";"R TOMAZ PAULINO DE ALMEIDA,   113";"VILA HEBE";"SAO PAULO";"SP";"29139";"38"
"Cliente Ficticio 4559";"14404002";"R HUMBERTO LUIZ MINERVINO,  2711";"PARQUE MUNDO NOVO";"FRANCA";"SP";"17925";"38"
"Cliente Ficticio 4677";"41701015";"AV ALPHAVILLE,72,ED JERIBÁ, APT 1402";"ALPHAVILLE I";"SALVADOR";"BA";"13616";"14"
"Cliente Ficticio 4678";"03210001";"R COSTA BARROS,  2363, BL 4 - BEM TE VI, APT 52";"SITIO PINHEIRINHO";"SAO PAULO";"SP";"18925";"14"
"Cliente Ficticio 4679";"69094260";"R 26,10,NUCLEO 03";"CIDADE NOVA";"MANAUS";"AM";"19151";"16"
"Cliente Ficticio 4680";"04840650";"R PONTES GESTAL,   120";"CJ HAB BRG F LIMA";"SAO PAULO";"SP";"13867";"16"
"Cliente Ficticio 4681";"03471060";"R JOSE ESTEVES,    40, CASA 2";"VILA DONA SARA";"SAO PAULO";"SP";"2948";"18"
"Cliente Ficticio 4683";"09510300";"R GOITACAZES,   374, BL 2, APT 131";"CENTRO";"SAO CAETANO DO SUL";"SP";"29459";"20"
"Cliente Ficticio 4684";"13456361";"R I,1622,RUA ETELVINO GOMES DE OLIVEIRA";"JARDIM GERIVA";"SANTA BARBARA D OESTE";"SP";"15425";"20"
